<?xml version="1.0" encoding="UTF-8"?>
<project-private xmlns="http://www.netbeans.org/ns/project-private/1">
    <editor-bookmarks xmlns="http://www.netbeans.org/ns/editor-bookmarks/2" lastBookmarkId="0"/>
    <open-files xmlns="http://www.netbeans.org/ns/projectui-open-files/2">
        <group>
            <file>file:/E:/Dropbox/_UTFPR%20ENGCOMP/3º%20Periodo/Programação%20II/thebesttexteditorsofar(ornot)/src/thebesttexteditorsofar/ornot/Janela.java</file>
            <file>file:/E:/Dropbox/_UTFPR%20ENGCOMP/3º%20Periodo/Programação%20II/thebesttexteditorsofar(ornot)/src/thebesttexteditorsofar/ornot/ThebesttexteditorsofarOrnot.java</file>
            <file>file:/E:/Dropbox/_UTFPR%20ENGCOMP/3º%20Periodo/Programação%20II/thebesttexteditorsofar(ornot)/src/thebesttexteditorsofar/ornot/Sobre.java</file>
        </group>
    </open-files>
</project-private>
